Dougherty,Antwan,ADoughertyPhi-FR
Knox,Patrick,PKnoxxArt-SE
Parrish,Shane,SParrishGer-SO
Kerr,Jerome,JKerrxJou-SE
Foley,Adriel,AFoleyAvi-
Wagner,Seamus,SWagnerEle-SE
Hobbs,Ashton,AHobbsUrb-FR
Petty,Evie,EPettyPub-SO
Myers,Leandro,LMyersCou-SE
Roberts,Julia,JRobertsLib-FR
Brandt,Lukas,LBrandtMed-FR
Livingston,Alani,ALivingstonUrb-SO
Peterson,Jamiya,JPetersonMed-
Roy,Kirsten,KRoyxxMan-FR
Copeland,Johnny,JCopelandInt-FR
Wong,Amirah,AWongxCre-SO
Kline,Luciano,LKlineCyb-SO
Joseph,Lance,LJosephBio-SE
Rangel,Paula,PRangelNeu-SE
Massey,Jamie,JMasseyMus-SE
Rubio,Karli,KRubioExe-SE
Mcguire,Ellis,EMcguireCon-
Oliver,Madyson,MOliverSec-FR
Fry,Serenity,SFryxxEle-
Leon,Jaliyah,JLeonxGeo-SO
Guerrero,Parker,PGuerreroPol-FR
Kemp,Milagros,MKempxAvi-SE
Garza,Aniya,AGarzaEdu-FR
Roberts,Zoe,ZRobertsThe-SO
Chan,Ryder,RChanxCom-SE
Norton,Antonio,ANortonMus-SE
Kim,Jazlene,JKimxxCom-
Cox,America,ACoxxxAvi-SE
Rogers,Colby,CRogersSoc-SE
Conrad,Stella,SConradBio-SO
Mccullough,Micheal,MMcculloughHea-SE
Hardy,Kolby,KHardyMus-
Tapia,Sophia,STapiaChe-FR
Jacobson,Addison,AJacobsonCon-
Terrell,Aimee,ATerrellEme-FR
Cannon,Abagail,ACannonAvi-FR
Conrad,Donald,DConradMan-
Medina,Tiana,TMedinaEdu-
Vasquez,Edwin,EVasquezSec-SO
Mcclain,Sofia,SMcclainPub-SE
Nash,Braylon,BNashxInf-FR
Buchanan,Chaya,CBuchananFor-SE
Juarez,Charlize,CJuarezRel-SE
Yu,Xzavier,XYuxxxGer-SO
Kent,Timothy,TKentxJou-FR
Jones,Bailee,BJonesBio-SE
Hoover,Elizabeth,EHooverEng-FR
Ramos,Jaida,JRamosAvi-SE
Livingston,Perla,PLivingstonCon-SE
Simpson,Shayna,SSimpsonEme-SO
Dawson,Jan,JDawsonWri-
Huffman,Aryana,AHuffmanMul-SO
Fernandez,Hillary,HFernandezWom-
Barnes,Hillary,HBarnesCom-FR
Parks,Kayla,KParksEco-SE
Murphy,Todd,TMurphySch-FR
Kelley,Melissa,MKelleyArc-SE
Gross,Abbigail,AGrossAth-SO
Benton,Alina,ABentonSpe-SO
Klein,Jadon,JKleinCom-SO
Love,Saul,SLovexInf-SO
Galvan,Ingrid,IGalvanNeu-FR
Logan,Zachery,ZLoganKin-FR
Singleton,Rubi,RSingletonSoc-SO
Esparza,Emiliano,EEsparzaMan-
Salazar,Sierra,SSalazarCou-FR
Blair,Ashlyn,ABlairAcc-SE
Barrera,Destiney,DBarreraCom-
Good,Armani,AGoodxBio-FR
Mcneil,Maximus,MMcneilCre-
Peters,Jalen,JPetersAth-
Preston,Chana,CPrestonInf-SE
Simmons,Asia,ASimmonsMus-FR
Mccarty,Ronan,RMccartyBio-SO
Mitchell,Adrianna,AMitchellArc-FR
Evans,Molly,MEvansHis-SE
Mcclure,Lilah,LMcclureSch-SE
Riddle,Lola,LRiddlePsy-
Novak,Khloe,KNovakSoc-
Harding,Elyse,EHardingLit-SE
Clark,Aditya,AClarkMat-FR
Patterson,Alvin,APattersonEdu-SE
Benson,Deegan,DBensonFor-FR
Mcbride,Aaron,AMcbrideEng-SE
West,Lilyana,LWestxAcc-SO
Liu,Connor,CLiuxxCri-SO
Camacho,Asher,ACamachoPol-SO
Hancock,Myles,MHancockMat-SO
Cook,Asher,ACookxGer-SO
Tanner,Cale,CTannerPol-SO
Hester,Trent,THesterWri-SO
Romero,Cristofer,CRomeroBla-SO
Caldwell,Maren,MCaldwellAcc-SO
Long,Matthew,MLongxCiv-FR
Booker,Remington,RBookerThe-
